file;url
mm.jpg;httpcloud3steamusercontentcomugc16938769473729959138D6313183F33F3DCAC851E7091E8FFE5D779F9D9.jpg
emojo.png;httpcloud3steamusercontentcomugc16938769473729966408FD4719B62763064A8989246FA20F479D3E27882.png
itcmm.png;httpcloud3steamusercontentcomugc1693876947372998096DCCAC741309C0CB3D8A3F2FD40AE5646D1D412C9.png
homecoming.jpg;httpcloud3steamusercontentcomugc1693876947373004299AEB0E8FFDEF673F83C812C75D4654463580DD973.jpg
eadrian.png;httpcloud3steamusercontentcomugc16938769473730044463674741648F4F3A162B797301C20C7D839429B73.png
efoom.png;httpcloud3steamusercontentcomugc1693876947373005085C1C09962CECCCA526DBB1D13082FD17EAFF8E6F2.png
am2.jpg;httpiimgurcomWBOjTUUjpg.jpg
ambition.jpg;httpcloud3steamusercontentcomugc16938769473729967821179CDBF801A5E2BCD0B6999C2F7467A15E864FA.jpg
antman.jpg;httpcloud3steamusercontentcomugc9518575793064757529CED559B41463258578437BEE6064A69218E13A7.jpg
anni.jpg;httpcloud3steamusercontentcomugc1637612516673892560A66EAF8376BA39A4EE64D3B0365CA8D2AE1AC2B5.jpg
base.jpg;httpcloud3steamusercontentcomugc16938769473729877584E1F4CD5F277C7C316EDE211583392D057EF1B4F.jpg
base2.jpg;httpcloud3steamusercontentcomugc1693876947372987328B8EE711207041179C0490D40C9FF3F81CF995C8A.jpg
bastion.jpg;httpcloud3steamusercontentcomugc18470406020756833849D92037838975161EA4FCC9DBCD1CFDF9F4094C0.jpg
belasco.png;httpcloud3steamusercontentcomugc10126904209972587930FA00926149895D264F7B13E365F047C469DAB54.png
beyon.jpg;httpcloud3steamusercontentcomugc15992961685560376347ABB20C8DA0DAB4FF6A2C39BD0C452D6B84EC5E1.png
blackbolt.jpg;httpcloud3steamusercontentcomugc16882477135346287460CCB733DDFBC0EB3C7F22DAFC3E6EF778A2D5602.jpg
c75.jpg;httpcloud3steamusercontentcomugc7773591102443191240C1C8CCB38D33566903E36E56E9AC9FF0C51EA45.jpg
celestials.png;httpcloud3steamusercontentcomugc1693876947373008643B5EDF1C0B7C8E65BB7634336F4800ADD1EC5D5EB.png
champions.jpg;httpcloud3steamusercontentcomugc16938769473730047590F17AF3860F6450561CC8D2CFDA70395A4D123FB.jpg
civilwar.jpg;httpcloud3steamusercontentcomugc16938769473729951836189555AEC7D289E2BEAD3769EC7A051B66B973F.jpg
crystal.jpg;httpcloud3steamusercontentcomugc1688247713534677926880A41184D731789C6B86D6CB72BFA744134F1EF.jpg
cw2.jpg;httpcloud3steamusercontentcomugc1693876947372985653B3F1C39B0311ABFCB978B07228B09D7FADFC5637.jpg
darkcity.jpg;httpcloud3steamusercontentcomugc16938769473729836320BFDEF6041A93125B6B77B130A3A9F98FCA60FBF.jpg
darkcity2.jpg;httpcloud3steamusercontentcomugc7773591102443112996B02AE7A8C7D970420670944ED094F68B3604342.jpg
dimensions.jpg;httpcloud3steamusercontentcomugc776222901722698170BD9D469EDD2A70EF559E49967289B8C2771072FE.jpg
dormammu.jpg;httpcloud3steamusercontentcomugc1809890972127621186E9C2E5FDA820429286D2BF4673FC3E9DC4025404.png
dp.jpg;httpcloud3steamusercontentcomugc16938769473729832469D0DF38F847ED2C8F3620D2BBB9493F5F6ABE526.jpg
earc.png;httpcloud3steamusercontentcomugc77735911024428071984AC46DCB6ADA79EDAF47D45F7C4C901EAFF3A66.png
earthquake.png;httpcloud3steamusercontentcomugc78186000818554883587049A9FCEA83DD6F95356F10163DB2E57FDD818.png
ebastion.jpg;httpcloud3steamusercontentcomugc1847040602075683170D2B49B994BCDAF0BA2342FC592AEAF39353B5B0C.jpg
ebelasco.png;httpcloud3steamusercontentcomugc1012690420997259173B331916EE380444D96B95EEF97AB9B667CF98236.png
ebeyon.jpg;httpcloud3steamusercontentcomugc159929616855603915822896416E8B257FA22121A8FBBEB0DC2CA70064E.png
edormammu.jpg;httpcloud3steamusercontentcomugc18098909721276215676C6C389660B6AFEE07A1BD98BFD9BCC1FC370CDB.png
edp.png;httpcloud3steamusercontentcomugc77735911024431992324F49F47170BBF47350F113EE94612EFC02C6A44.png
eemma.png;httpcloud3steamusercontentcomugc10126904209972554485161FCFD1A25BD4937C476D0604665CAABC93DC6.png
eexodus.jpg;httpcloud3steamusercontentcomugc18470406020760186712809851512817880AB2BA9D77829812667EDCB7E.jpg
egm.jpg;httpcloud3steamusercontentcomugc14968384416362664578AF8124D90B548BB21721AA60C635B4623CEA78A.jpg
ehela.png;httpcloud3steamusercontentcomugc1013814773803854275CCFCAA91192E3B01FB43557D0AF284CC3DCD73C7.png
ehood.png;httpcloud3steamusercontentcomugc7818600081855423379227E61C65CB9632B81AB7ACD6BB07EBC3CCA13E.png
ehybrid.png;httpcloud3steamusercontentcomugc16938769473730064986390D954A4D7654F2048DE7A9BD9960B12537AB6.png
ejonah.png;httpcloud3steamusercontentcomugc1693876947373007245E8A43E374FB5354FA50D767F7567AF90DF2EC09C.png
eladydeath.jpg;httpcloud3steamusercontentcomugc1847040602075651155C9D9275127EC60677DA04674701A5A75A9538D01.jpg
emagus.jpg;httpcloud3steamusercontentcomugc1599296168556044241CABC4E3492F9776CF65E0494A6289DC585C3563A.png
emale.png;httpcloud3steamusercontentcomugc1013814773803857132324D823B631369D0A62C4251717FA1A4335AD93E.png
emandarin.png;httpcloud3steamusercontentcomugc781860008185537536AE722370440047FA16F712387E1042346B3312AB.png
emax.jpg;httpcloud3steamusercontentcomugc168824771353503859910A653D3D8F38865AE6E16D45F74EAEE0824CEA3.jpg
emma.png;httpcloud3steamusercontentcomugc1012690420997255085748C9A59F3CBEF75E325E12D01EF41C5CC7CE96C.png
enightmare.jpg;httpcloud3steamusercontentcomugc18098909721276228579DE4F5FAB2A369101D68CAB04B2D9B5EEE124032.png
eons.png;httpcloud3steamusercontentcomugc7773591102443202899E6CDC4D966321A4BF070E1C458C3E9108DA5759.png
epag.png;httpcloud3steamusercontentcomugc169387694737300491589D13BDBEA46A3AD4BC5D18A6DD9F16E6FB669D0.png
ephoenix.png;httpcloud3steamusercontentcomugc7773591102443206068D78C93CF65011A004FAB277CE56E8F398F013CD.png
epoison.png;httpcloud3steamusercontentcomugc169387694737300742131BEF833C80C66A8E8A0D27E760F30DDD2E8F501.png
ereaper.png;httpcloud3steamusercontentcomugc7818600081855337514B57CADD0993FA1F2B92B6652A9580DA4165CEF5.png
esh.png;httpcloud3steamusercontentcomugc7773591102442773935059BEBAE984439FFD21B3E26AB48A0A7AD37F37.png
exodus.jpg;httpcloud3steamusercontentcomugc1847040602076018328B1C9171F5F14ADA60FA31B99220561B8CF51008A.jpg
evulcan.jpg;httpcloud3steamusercontentcomugc1688247713535068484BBA0C982A0ED73FBEA2302581C85418E0A5052A4.jpg
evult.png;httpcloud3steamusercontentcomugc169387694737300460396BC68529172F7450B2E84DF48358D18875C89F4.png
fearitself.jpg;httpcloud3steamusercontentcomugc1693876947372986260DAB4CDD9B5E49028B92228299551EE22F6ADBF50.jpg
ff.jpg;httpcloud3steamusercontentcomugc169387694737298752412083E802353BC0174B5624C60F240FE10A0D839.jpg
gm.jpg;httpcloud3steamusercontentcomugc1496838441636265730578CC0DBB7CF3D9C295E245AE719185D6135C625.jpg
gorgon.jpg;httpcloud3steamusercontentcomugc168824771353469704450BBDBBA1EF3CBB09F68E6DED92673710765C107.jpg
gotg.jpg;httpcloud3steamusercontentcomugc777359110244267364F8A133E27046064EA2703D466A0A48E1B2A45B0B.jpg
hela.png;httpcloud3steamusercontentcomugc101381477380385261049FC00B7A4EA2286925C2106F07F66301F22DCCF.png
hoa.png;httpcloud3steamusercontentcomugc1013814773803838566A84A0174AE46E504CC7D1E05D16F5743F3FAE106.png
hood.png;httpcloud3steamusercontentcomugc781860008185541091A5C1146E0D8E61D5CE0EEA145645DEC3EB75FE5C.png
houseofm.png;httpcloud3steamusercontentcomugc781860008185544919079290E0B1F33B0E462530D5B8B7EBFB23980F6B.png
hulk.jpg;httpcloud3steamusercontentcomugc940590522598016603D98997D5E2A5501221907B2815CAE1026CE61827.jpg
hulk2.jpg;httpcloud3steamusercontentcomugc940590522597995536464821D2C822238831DD1A560468B3FE2DA0FB59.jpg
hulk3.jpg;httpcloud3steamusercontentcomugc940590522598024262FCF374974D4E4F7716784415B0CD8DBD7211B83A.jpg
hydrat.png;httpcloud3steamusercontentcomugc78186000818555359050BDEB2840C17690CF6323F57D8E6DF38BEC45AB.png
inreb.jpg;httpcloud3steamusercontentcomugc1688247713534777520C89F42A92B1DB0A3A281D8932FD261D69AA4E29B.jpg
itc.png;httpcloud3steamusercontentcomugc1693876947372990487AA38E7632587C683DD82631CDD32B64B4401E827.png
jonah.png;httpcloud3steamusercontentcomugc802116768218097265D95172E7305E9F6D286CE27B6125E92B7F3EF123.png
ladydeath.jpg;httpcloud3steamusercontentcomugc18470406020756508619EF58596DD7F4DEA763991B5B7B2DFF5896C7776.jpg
karnak.jpg;httpcloud3steamusercontentcomugc1688247713534727282CC5C3D93F4ECA76A84D8F34D1EBAEEAA1C07E308.jpg
korvac.png;httpcloud3steamusercontentcomugc7818600081820663544E5FB3416567974413CCC4F7BC301A81468FAAE7.png
korvact.png;httpcloud3steamusercontentcomugc781860008185556501629FDC8C7EBA7C7A3DEF600B445D41538438DA5D.png
magus.jpg;httpcloud3steamusercontentcomugc1599296168556042788342B0CBC4A50A6BDA599F34EEB469180BAD44059.png
male.png;httpcloud3steamusercontentcomugc1013814773803856319AED0D1CE5632951D4D5479AE4110A85523F54ABF.png
mandarin.png;httpcloud3steamusercontentcomugc781860008185536433D8823A8B910BBA66D2DCB30C659E3FBA9829A2B9.png
max.jpg;httpcloud3steamusercontentcomugc1688247713535038253739443D8D5FB23F695DEE8E968B0FFAE32584FB2.jpg
maxtactics.jpg;httpcloud3steamusercontentcomugc1688247713535032078E7C05F8E8BDC32E5F7C168481A3204BED0FFB95A.jpg
mc.jpg;httpcloud3steamusercontentcomugc18121378012728343748892FD18D09F7FC4E605B3B2AF1630D50A54BA89.png
mc2.jpg;httpcloud3steamusercontentcomugc18121378012728368000EA2C4D78AC0103D4AFA3FF04B166B90F343E25B.png
medusa.jpg;httpcloud3steamusercontentcomugc168824771353474794123173EDDA708F3EAB3DB64583C2A281863BCA947.jpg
newmutants.png;httpcloud3steamusercontentcomugc10126904209971718666FF8DB3CCE15CEB5A380A5086329AD50FC6AEF39.png
nightmare.jpg;httpcloud3steamusercontentcomugc18098909721276223574DA32411E0EE508C1674F7FCC8F678F3E451F06F.png
nmschemes.png;httpcloud3steamusercontentcomugc101269042099727165534A6D17C0EDA0F50CFC0FA5D83AF9F3B81E87973.png
noir.jpg;httpcloud3steamusercontentcomugc16938769473729849037F139305A6AD9F5233636975270674B9DF0820F9.jpg
nomore.png;httpcloud3steamusercontentcomugc781860008185546238EEAC709114B0EE8E774E369EA26F569CDBF2461F.png
officers.png;httpcloud3steamusercontentcomugc780744119264401839B20D635FB1EBFA19F7CFB7875325724DF694C0A7.png
pttr.jpg;httpcloud3steamusercontentcomugc169387694737298468116DB6DDFE1FF7F602CEE1BB0561CC85148FDA136.jpg
reaper.png;httpcloud3steamusercontentcomugc781860008185532498F7391CD58E2101E00129279D1F8329AEEF8A739E.png
rev.png;httpcloud3steamusercontentcomugc781860008185453869DB32DBD7E44779D652462008710CBFC31FE8E6E2.png
rev3.png;httpcloud3steamusercontentcomugc781860008185450129B5B4134AEE2148F8658E6F49C8B9597CE010E1C9.png
rev4.png;httpcloud3steamusercontentcomugc781860008185451765108CAE6741E54B56D82DEA10C1D14F06BE0248DA.png
revelations.png;httpcloud3steamusercontentcomugc7818600081854558021E8714D8D260015E22B02248D5BF741F1888A7FC.png
roksch.jpg;httpcloud3steamusercontentcomugc17693207620525810579D49ECA558F7264159405F45B1E6C3DE2A564701.jpg
rokshiar.jpg;httpcloud3steamusercontentcomugc16882477135347925076D67E64E344EF8E5ED172BE033ACDAA52B2C9D27.jpg
shield.png;httpcloud3steamusercontentcomugc780744119264396159F68B1C44D3B50D7ABB9733A58C28DEA24453F2A4.png
shydra.png;httpcloud3steamusercontentcomugc781860008182061638EFF926659F4920A6BAD4FA82064E54D9BD5DFA6E.png
strangexp.jpg;httpcloud3steamusercontentcomugc18200272395091426866F8C281F720F85FEA579CEE3B96466CA7E987A18.png
sw1.jpg;httpcloud3steamusercontentcomugc1693876947372994958E053DD6C67D085200ADDAC225C429134E13EB97F.jpg
sw12.jpg;httpcloud3steamusercontentcomugc1693876947372984487DBDBEBE7F30B9D2E64EC73A173BD2D36B6A92D33.jpg
sw2.jpg;httpcloud3steamusercontentcomugc777359110244260932E63446E2E6FB3157E6BB2EAD475419D5F4BB8A19.jpg
sw22.jpg;httpiimgurcomUNCUNstjpg.jpg
tsunami.png;httpcloud3steamusercontentcomugc7818600081855499942AF881A0175F5992CE827EBC4A4D6F969F0C1DC3.png
venom.png;httpcloud3steamusercontentcomugc994638607674731741289FCC2CB53248E3E71F005C9A7242F2C6575B1C.png
venom2.jpg;httpcloud3steamusercontentcomugc1693876947373006316EE3AFB8FC31AAD48856222036E6598B0CFAF1010.jpg
villains.jpg;httpcloud3steamusercontentcomugc1693876947372987971DBE112F91A856C127F604BD772EBB6D26946407B.jpg
villains2.jpg;httpcloud3steamusercontentcomugc777359110244313698DA20B59BE8A041ECEC8AEBAB72BE66C256617D0F.jpg
vulcan.jpg;httpcloud3steamusercontentcomugc16882477135350682303B475F32EF7BB37713FF99A5247BAF4E95889046.jpg
vulcantactics.jpg;httpcloud3steamusercontentcomugc16882477135350638644BD226062FD244D745026E098D846F468566890A.jpg
xmen.jpg;httpcloud3steamusercontentcomugc1693876947372988181438C61EE98021C53736829A9EFD5F7596839813E.jpg
xmen2.jpg;httpcloud3steamusercontentcomugc169387694737299549162C8611C833094BE450A0A7A1CA69E52BBDDD5DC.jpg
xmen3.jpg;httpcloud3steamusercontentcomugc1693876947372986044758712A5E8A66F051964C298C4F4F4FC282DC29B.jpg
anni.png;httpcloud3steamusercontentcomugc1627478697959972457A66EAF8376BA39A4EE64D3B0365CA8D2AE1AC2B5.png
ekang.png;httpcloud3steamusercontentcomugc1612842463075874661CB6741483749E81EFE866DE4579B1B9A37A82B47.png
eanni.png;httpcloud3steamusercontentcomugc161284246307586988443B954E24DD8E24A4839416FD598B3A0FEA34872.png
