schemtext	text
The Legacy Virus	"<font size='4'>The Legacy Virus</font>
<b>Setup</b>: 8 Twists. Wound stack holds 6 Wounds per player.
<b>Twist</b>: Each player reveals a https://cf.geekdo-static.com/mbs/mb_26287_0.png Hero or gains a Wound.
<b>Evil Wins</b>: If the Wound stack runs out."
Midtown Bank Robbery	"<font size='4'>Midtown Bank Robbery</font>
<b>Setup</b>: 8 Twists. 12 total Bystanders in the Villain Deck.
<b>Special Rules</b>: Each Villain gets +1 Attack for each Bystander it has.
<b>Twist</b>: Any Villain in the Bank captures 2 Bystanders. Then play the top card of the Villain Deck.
<b>Evil Wins</b>: When 8 Bystanders are carried away by escaping Villains."
Negative Zone Prison Breakout	"<font size='4'>Negative Zone Prison Breakout</font>
<b>Setup</b>: 8 Twists. Add an extra Henchman group to the Villain Deck.
<b>Twist</b>: Play the top 2 cards of the Villain Deck.
<b>Evil Wins</b>: If 12 Villains escape."
Portals to the Dark Dimension	"<font size='4'>Portals to the Dark Dimension</font>
<b>Setup</b>: 7 Twists. Each Twist is a Dark Portal.
<b>Twist 1</b>: Put the Dark Portal above the Mastermind. The Mastermind gets +1 Attack.
<b>Twists 2-6</b>: Put the Dark Portal in the leftmost city space that doesn't yet have a Dark Portal. Villains in that city space get +1 Attack.
<b>Twist 7</b>: Evil Wins!"
Replace Earth's Leaders with Killbots	"<font size='4'>Replace Earth's Leaders with Killbots</font>
<b>Setup</b>: 5 Twists. 3 additional Twists next to this Scheme. 18 total Bystanders in the Villain Deck.
<b>Special Rules</b>: Bystanders in the Villain Deck count as Killbot Villains, with Attack equal to the number of Twists next to this Scheme.
<b>Twist</b>: Put the Twist next to this Scheme.
<b>Evil Wins</b>: If 5 ""Killbots"" escape."
Secret Invasion of the Skrull Shapeshifters	"<font size='4'>Secret Invasion of the Skrull Shapeshifters</font>
<b>Setup</b>: 8 Twists. 6 Heroes. Skrull Villain Group required. Shuffle 12 random Heroes from the Hero Deck into the Villain Deck.
<b>Special Rules</b>: Heroes in the Villain Deck count as Skrull Villains with Attack equal to the Hero's Cost +2. If you defeat that Hero, you gain it.
<b>Twist</b>: The highest-cost Hero from the HQ moves into the Sewers as a Skrull Villain, as above.
<b>Evil Wins</b>: If 6 Heroes get into the Escaped Villains pile."
Super Hero Civil War	"<font size='4'>Super Hero Civil War</font>
<b>Setup</b>: For 2-3 players, use 8 Twists. For 4-5 players, use 5 Twists. If only 2 players, use only 4 Heroes in the Hero Deck.
<b>Twist</b>: KO all the Heroes in the HQ.
<b>Evil Wins</b>: If the Hero Deck runs out."
Unleash the Power of the Cosmic Cube	"<font size='4'>Unleash the Power of the Cosmic Cube</font>
<b>Setup</b>: 8 Twists.
<b>Twist</b>: Put the Twist next to this Scheme.
<b>Twist 5-6</b>: Each player gains a Wound.
<b>Twist 7</b>: Each player gains 3 Wounds.
<b>Twist 8</b>: Evil Wins!


"
Capture Baby Hope	"<font size='4'>Capture Baby Hope</font>
<b>Setup</b>: 8 Twists. Put a token on this Scheme to represent the baby, Hope Summers.
<b>Twist</b>: If a Villain has the baby, that Villain escapes. Otherwise, the baby is captured by the closest Villain to the Villain Deck. (If there are no Villains, do nothing.)
<b>Special Rules</b>: The Villain with the baby gets +4 Attack. If you defeat that Villain, rescue the baby to your Victory Pile (until the next Twist). The baby is worth 6 VP at the end of the game. If a Villain escapes with the baby, stack a Twist next to the Mastermind and return the baby to this Scheme card.
<b>Evil Wins</b>: When there are 3 Twists stacked next to the Mastermind."
Detonate the Helicarrier	"<font size='4'>Detonate the Helicarrier</font>
<b>Setup</b>: 8 Twists. 6 Heroes in the Hero Deck.
<b>Special Rules</b>: Whenever a Hero is KO'd from the HQ, turn that Hero face down on that HQ space, representing an Explosion on the Helicarrier. When an HQ space has 6 Explosions, that space is Destroyed and can't hold Heroes anymore.
<b>Twist</b>: Stack this Twist next to the Scheme. Then for each Twist in that stack, KO the leftmost Hero in the HQ and immediately refill that space.
<b>Evil Wins</b>: When all HQ spaces are Destroyed or the Hero Deck runs out."
Massive Earthquake Generator	"<font size='4'>Massive Earthquake Generator</font>
<b>Setup</b>: 8 Twists.
<b>Twist</b>: Each player reveals a https://cf.geekdo-static.com/mbs/mb_26286_0.png Hero or KOs the top card of their deck.
<b>Evil Wins</b>: When the number of non grey Heroes in the KO pile is 3 times the number of players."
Organized Crime Wave	"<font size='4'>Organized Crime Wave</font>
<b>Setup</b>: 8 Twists. Include 10 Maggia Goons as one of the Henchman Groups.
<b>Special Rules</b>: Goons also have the ability ""Ambush: Play another card from the Villain Deck.""
<b>Twist</b>: Each Goon in the city escapes. Shuffle all Goons from each players' Victory Piles into the Villain Deck.
<b>Evil Wins</b>: When 5 Goons escape."
Save Humanity	"<font size='4'>Save Humanity</font>
<b>Setup</b>: 8 Twists. 24 Bystanders in the Hero Deck. (1 player: 12 Bystanders in the Hero Deck)
<b>Special Rules</b>: You may spend 2 Recruit to rescue a Bystander from the HQ.
<b>Twist</b>: KO all Bystanders in the HQ. Then each player reveals an https://cf.geekdo-static.com/mbs/mb_26284_0.png Hero or KOs a Bystander from their Victory Pile.
<b>Evil Wins</b>: When the number of Bystanders KO'd and/or carried off is 4 times the number of players."
Steal the Weaponized Plutonium	"<font size='4'>Steal the Weaponized Plutonium</font>
<b>Setup</b>: 8 Twists representing Plutonium. Add an extra Villain Group.
<b>Twist</b>: This Plutonium is captured by the closest Villain to the Villain Deck. If there are no Villains in the city, KO this Plutonium. Either way, play another card from the Villain Deck.
<b>Special Rules</b>: Each Villain gets +1 Attack for each Plutonium it has. When a Villain with any Plutonium is defeated, shuffle that Plutonium back into the Villain Deck.
<b>Evil Wins</b>: When 4 Plutonium have been carried off by Villains."
Transform Citizens Into Demons	"<font size='4'>Transform Citizens Into Demons</font>
<b>Setup</b>: 8 Twists. Villain Deck includes 14 extra Jean Grey cards and no Bystanders.
<b>Twist</b>: Stack 5 Bystanders face down next to the Scheme. Bystanders stacked here are ""Demon Goblin"" Villains. They have 2 Attack. Players can fight these Demon Goblins to rescue them as Bystanders.
<b>Special Rules</b>: Each Jean Grey card counts as a ""Goblin Queen"" Villain. It's worth 4 VP. It has Attack equal to its Cost plus the number of Demon Goblins stacked next to the Scheme.
<b>Evil Wins</b>: When 4 Goblin Queen cards escape."
X-Cutioner's Song	"<font size='4'>X-Cutioner's Song</font>
<b>Setup</b>: 8 Twists. Villain Deck includes 14 cards for an extra Hero and no Bystanders.
<b>Special Rules</b>: Whenever you play a Hero from the Villain Deck, that Hero is captured by the closest enemy to the Villain Deck. Each Villain gets +2 Attack for each Hero it has. When you fight an enemy, gain all the Heroes captured by that enemy.
<b>Twist</b>: KO all Heroes captured by enemies. Then play another card from the Villain Deck.
<b>Evil Wins</b>: 9 non grey Heroes are KO'd or carried off.


"
Bathe Earth In Cosmic Rays	"<font size='4'>Bathe the Earth in Cosmic Rays</font>
<b>Setup</b>: 6 Twists.
<b>Twist</b>: Each player in turn does the following: Reveal your hand. KO one of your non-grey Heroes. Choose a Hero from the HQ with the same or lower cost and put it into your hand.
<b>Evil Wins</b>: When the number of non-grey Heroes in the KO pile is six times the number of players."
Flood the Planet with Melted Glaciers	"<font size='4'>Flood the Planet with Melted Glaciers</font>
<b>Setup</b>: 8 Twists.
<b>Twist</b>: Stack the Twist next to the Scheme as ""Rising Waters."" Then KO each Hero from the HQ whose cost is less than or equal to the number of Rising Waters in that stack.
<b>Evil Wins</b>: When 20 non-grey Heroes are KO'd."
Invincible Force Field	"<font size='4'>Invincible Force Field</font>
<b>Setup</b>: 7 Twists.
<b>Twist</b>: Stack this Twist next to the Mastermind as a ""Force Field.""
<b>Special Rules</b>: To fight the Mastermind, you must also spend 1 Recruit or 1 Attack for each Force Field next to them.
<b>Twist 7</b>: Evil Wins!"
Pull Reality Into the Negative Zone	"<font size='4'>Pull Reality Into the Negative Zone</font>
<b>Setup</b>: 8 Twists.
<b>Twist 2, 4, and 6</b>: Until the next Twist, Enemies cost Recruit to fight and Heroes cost Attack to recruit.
<b>Twist 7</b>: Evil Wins!


"
The Clone Saga	"<font size='4'>The Clone Saga</font>
<b>Setup</b>: 8 Twists.
<b>Twist</b>: Each player reveals two non-grey Heroes with the same card name or discards down to 3 cards.
<b>Evil Wins</b>: When 2 Villains with the same card name have escaped or the Villain Deck runs out."
Invade the Daily Bugle News HQ	"<font size='4'>Invade the Daily Bugle News HQ</font>
<b>Setup</b>: 8 Twists. Add 6 extra Henchmen from a single Henchman Group to the Hero Deck.
<b>Special Rules</b>: You can fight Villains in the HQ.
<b>Twist</b>: KO a Hero from the HQ. Put the highest-Attack Villain from the city into that HQ space.
<b>Evil Wins</b>: When there are 5 Villains in the HQ."
Splice Humans with Spider DNA	"<font size='4'>Splice Humans with Spider DNA</font>
<b>Setup</b>: 8 Twists. Include Sinister Six as one of the Villain Groups.
<b>Special Rules</b>: Sinister Six Villains get +3 Attack. All Hero cards have Wall-Crawl.
<b>Twist</b>: Each player puts a Sinister Six Villain from their Victory Pile on top of the Villain Deck. No matter how many players did so, play a single card from the Villain Deck.
<b>Evil Wins</b>: When 6 Sinister Six Villains have escaped or the Villain Deck runs out."
Weave a Web of Lies	"<font size='4'>Weave a Web of Lies</font>
<b>Setup</b>: 7 Twists.
<b>Special Rules</b>: Whenever you defeat a Villain, you may pay 1 Recruit. If you do, rescue a Bystander.
You can't fight the Mastermind unless you have a Bystander in your Victory Pile for each Twist next to the Mastermind.
<b>Twist</b>: Stack this Twist next to the Mastermind.
<b>Twist 7</b>: Evil Wins!


"
Build an Underground MegaVault Prison	"<font size='4'>Build an Underground MegaVault Prison</font>
<b>Setup</b>: 8 Twists. The Bindings stack holds 5 Bindings per player.
<b>Twist</b>: If there is an Adversary in the Sewers, each player gains a Bindings. Otherwise, reveal the top card of the Adversary Deck. If that card is an Adversary, it enters the Sewers.
<b>Good Wins</b>: When the Bindings stack runs out."
Cage Villains in Power-Suppressing Cells	"<font size='4'>Cage Villains in Power-Suppressing Cells</font>
<b>Setup</b>: 8 Twists. Stack 2 Cops per player next to this Plot.
<b>Twist</b>: Each player returns all Cops from their Victory Pile to the Cop Stack. Then each player puts a non-grey Ally from their hand in front of them. Put a Cop from the Cop Stack on top of each of those Allies.
<b>Special Rules</b>: You can fight any Cop on top of Allies. If you do, the player of your choice gains that Ally.
<b>Good Wins</b>: When a Twist must put out a Cop, but the Cop Stack is already empty."
Crown Thor King of Asgard	"<font size='4'>Crown Thor King of Asgard</font>
<b>Setup</b>: 8 Twists. Put the Thor Adversary next to this Plot.
<b>Twist</b>: If Thor is in the city, he overruns. Otherwise, Thor enters the Bridge from wherever he is, and Thor guards 3 Bystanders.
<b>Special Rules</b>: Whenever Thor overruns, stack a Plot Twist from the KO pile next to this Plot as a ""Triumph of Asgard.""
<b>Good Wins</b>: When there are 3 Triumphs of Asgard next to this Plot."
Crush HYDRA	"<font size='4'>Crush HYDRA</font>
<b>Setup</b>: 8 Twists.
<b>Twists 1-7</b>: Each Adversary in the city captures a New Recruit, or if there are no more New Recruits, a Madame HYDRA.
<b>Twist 8</b>: Put all captured Allies from the city into the Overrun Pile.
<b>Special Rules</b>: An Adversary gets +1 Attack for each Ally it has captured. When you fight that Adversary, gain those Allies.
<b>Good Wins</b>: When there are 11 Allies in the Overrun Pile."
Graduation at Xavier's X-Academy	"<font size='4'>Graduation at Xavier's X-Academy</font>
<b>Setup</b>: 8 Twists. Stack 8 Bystanders next to this Plot as ""Young Mutants.""
<b>Twist</b>: Put a Bystander from next to this Plot into the Overrun Pile.
<b>Good Wins</b>: When there are 8 Bystanders in the Overrun Pile."
Infiltrate the Lair with Spies	"<font size='4'>Infiltrate the Lair with Spies</font>
<b>Setup</b>: 8 Twists, Stack 21 Bystanders next to this Plot as ""Infiltrating Spies.""
<b>Twist</b>: Put all Bystanders from the Lair into the Overrun pile. Then put a Bystander from next to this Plot into each Lair space under the Bridge, Streets, and Sewers.
<b>Special Rules</b>: When you recruit an Ally, kidnap any Bystander in that Lair space. When an Ally leaves the Lair in any other way, put any Bystander from that Lair space into the Overrun Pile.
<b>Good Wins</b>: When there are 12 Bystanders in the Overrun Pile."
Mass Produce War Machine Armor	"<font size='4'>Mass Produce War Machine Armor</font>
<b>Setup</b>: 8 Twists, Include 10 S.H.I.E.L.D. Assault Squads as one of the Backup Adversary groups.
<b>Twist</b>: Stack this Twist next to the Plot as ""War Machine Technology."" An Assault Squad from the current player's Victory Pile enters the Bridge.
<b>Special Rules</b>: Assault Squads get +1 Attack for each War Machine Technology next to the Plot.
<b>Good Wins</b>: When there are 3 Assault Squads in the Overrun Pile."
Resurrect Heroes with Norn Stones	"<font size='4'>Resurrect Heroes with Norn Stones</font>
<b>Setup</b>: 8 Twists.
<b>Twists 1-6</b>: An Adversary from the current player's Victory Pile enters the Bridge. Then play the top card of the Adversary Deck.
<b>Twists 7-8</b>: Each player puts an Adversary from their Victory Pile into the Overrun Pile.
<b>Good Wins</b>: When there are 3 Adversaries per player in the Overrun Pile.


"
Forge the Infinity Gauntlet	"<font size='4'>Forge the Infinity Gauntlet</font>
<b>Setup</b>: 8 Twists. Always include the Infinity Gems Villain Group.
<b>Twist</b>: Starting to your left and going clockwise, the first player with an Infinity Gem Artifact card in play or in their discard pile chooses on of those Infinity Gems to enter the city. Then put a Shard on each Infinity Gem in the city.
<b>Evil Wins</b>: When 6 Infinity Gem Villains are in the city and/or the Escape Pile.
<b>Evil Wins</b>: When a player controls 4 Infinity Gem Artifacts, that player is corrupted by power. That player wins, Evil wins, and all other players lose."
Intergalactic Kree Nega-Bomb	"<font size='4'>Intergalactic Kree Nega-Bomb</font>
<b>Setup</b>: 8 Twists. Make a face down 'Nega-Bomb Deck' of 6 Bystanders.
<b>Twist</b>: Shuffle this Twist into the Nega-Bomb Deck. Then reveal a random card from that deck. If it's a Bystander, rescue it. If it's a Twist, KO it, KO all Heroes from the HQ, and each player gains a Wound.
<b>Evil Wins</b>: When 16 non-grey Heroes are in the KO pile."
The Kree-Skrull War	"<font size='4'>The Kree-Skrull War</font>
<b>Setup</b>: 8 Twists. Always include Kree Starforce and Skrull Villain Groups.
<b>Twists 1-7</b>: All Kree and Skrulls escape from the city. Then, if there are more Kree than Skrulls in the Escape Pile, stack this Twist next to the Mastermind as a Kree Conquest. If there are more Skrulls than Kree in the Escape Pile, stack this Twist next to the Villain Deck as a Skrull Conquest.
<b>Twist 8</b>: Stack this Twist on the side with the most Conquests.
<b>Evil Wins</b>: When there are 4 Kree Conquests or 4 Skrull Conquests."
Unite the Shards	"<font size='4'>Unite the Shards</font>
<b>Setup</b>: 30 Shards in the supply. Twists equal to the number of players plus 5.
<b>Twist</b>: Stack this Twist next to the Scheme. Then for each Twist in that stack, the Mastermind gains a Shard.
<b>Special Rules</b>: During your turn, any number of times, you may spend 2 Recruit to gain one of the Mastermind's Shards.
<b>Evil Wins</b>: When the Mastermind has 10 Shards or when there are no more Shards in the supply.


"
Fear Itself	"<font size='4'>Fear Itself</font>
<b>Setup</b>: 10 Twists.
Earth's Fear Level starts at 8. The number of Allies in the Lair is always equal to the Fear Level.
<b>Twist</b>: KO an Ally from the Lair. The Fear Level goes down by 1.
<b>Good Wins</b>: When the Fear Level is 0."
Last Stand at Avengers Tower	"<font size='4'>Last Stand at Avengers Tower</font>
<b>Setup</b>: 6 Twists.
<b>Twist</b>: Stack this Twist above the Rooftops as StarkTech Defenses. If there is an Adversary on the Rooftops, choose 3 Allies from the Lair and KO them.
<b>Special Rules</b>: While an Adversary is on the Rooftops, it gets +1 Attack for each StarkTech Defenses.
<b>Good Wins</b>: When there are 13 non-grey Allies in the KO pile."
The Traitor	"<font size='4'>The Traitor</font>
<b>Setup</b>: 2+ players only. 8 Twists. Shuffle a 'Betrayal Deck' of 3 Bindings per player and a 9th Twist.
<b>Twists 1-3</b>: If there is no revealed Traitor, each player puts a 'Betrayal Card' from the Betrayal Deck face down in front of them and looks at it.
<b>Special Rules</b>: During your turn, you may reveal a Twist from your Betrayal Cards to become 'the Traitor'. If you do, each other player gains all the Bindings from their Betrayal Cards.
During your turns, you may spend 4 Attack any number of times to play an additional card from the Adversary Deck.
<b>Twist 8</b>: Good wins! The Traitor reveals themself and also wins.
<b>When the players win</b>: The Traitor reveals themself and loses.


"
Build an Army of Annihilation	"<font size='4'>Build an Army of Annihilation</font>
<b>Setup</b>: 9 Twists. Put 10 extra Annihilation Wave Henchmen in that KO pile.
<b>Twist</b>: KO all Annihilation Henchmen from the players' Victory Piles. Stack this Twist next to the Scheme. Then, for each Twist in that stack, put an Annihilation Henchman from the KO pile next to the Mastermind. Players can fight those Henchmen.
<b>Evil Wins</b>: When there are 10 Annihilation Henchmen next to the Mastermind."
Corrupt the Next Generation of Heroes	"<font size='4'>Corrupt the Next Generation of Heroes</font>
<b>Setup</b>: 8 Twists. Add 10 Sidekicks to the Villain Deck.
<b>Special Rules</b>: Sidekicks in the Villain Deck and city are Villains. Their Attack is 2 plus the number of Twists stacked next to this Scheme. When you defeat a Sidekick, gain it to the top of your deck.
<b>Twists 1-7</b>: Each player returns a Sidekick from their discard pile to the Sidekick Stack. Then, two Sidekicks from the Sidekick Stack enter the city.
<b>Twist 8</b>: All Sidekicks in the city escape.
<b>Evil Wins</b>: When 4 Sidekicks escape."
Crush Them With My Bare Hands	"<font size='4'>Crush Them With My Bare Hands</font>
<b>Setup</b>: 5 Twists. If playing solo, add an extra Villain Group.
<b>Twist</b>: This Twist becomes a Master Strike that takes effect immediately.
<b>Evil Wins</b>: When 8 Master Strikes have taken effect."
Dark Alliance	"<font size='4'>Dark Alliance</font>
<b>Setup</b>: 8 Twists.
<b>Twist 1</b>: Add a random second Mastermind to the game with one Mastermind Tactic.
<b>Twists 2-4</b>: If the second Mastermind is still in play, it gains another Mastermind Tactic.
<b>Twists 5-6</b>: Each Mastermind captures a Bystander.
<b>Twist 7</b>: Evil Wins!"
Fragmented Realities	"<font size='4'>Fragmented Realities</font>
<b>Setup</b>: Add an extra Villain Group. Shuffle the Villain Deck, then split it as evenly as possible into a Villain Deck for each player. Then, shuffle 2 Twists into each player's Villain Deck.
<b>Special Rules</b>: The normal city does not exist. Instead, each player has a different dimension in front of them with one city space. Villains and Bystanders from your Villain Deck enter your dimension. You can fight Villains in any dimension.
<b>Twist</b>: Play two card from your Villain Deck
<b>Evil Wins</b>: When the number of non-grey Heroes in the KO pile is 5 times the number of players."
Master of Tyrants	"<font size='4'>Master of Tyrants</font>
<b>Setup</b>: 8 Twists. Choose 3 other Masterminds, and shuffle their 12 Tactics into the Villain Deck. Those Tactics are ""Tyrant Villains"" with their printed Attack and no abilities.
<b>Twist 1-7</b>: Put this Twist under a Tyrant Villain as ""Dark Power."" It gets +2 Attack.
<b>Twist 8</b>: All Tyrant Villains in the city escape.
<b>Evil Wins</b>: When 5 Tyrant Villains escape."
Pan-Dimensional Plague	"<font size='4'>Pan-Dimensional Plague</font>
<b>Setup</b>: 10 Twists.
<b>Twist</b>: KO all Wounds from next to the HQ. Then, put a Wound from the Wound Stack next to each Hero in the HQ.
<b>Special Rules</b>: When a player recruits a Hero with a Wound next to it, that player can either gain that Wound or pay 1 Recruit to return that Wound to the Wound Stack.
<b>Evil Wins</b>: When the Wound Stack runs out."
Smash Two Dimensions Together	"<font size='4'>Smash Two Dimensions Together</font>
<b>Setup</b>: 8 Twists. Add an extra Villain Group. Put the Villain Deck on the Bank space.
<b>Special Rules</b>: The Sewers and Bank do not exist, so the city is only 3 spaces. There is a parallel dimension with 3 city spaces above the main city. Whenever a Villain enters the city, the current player chooses which city it enters.
<b>Twist 1-7</b>: Play two cards from the Villain Deck.
<b>Twist 8</b>: All Villains in both dimensions escape.
<b>Evil Wins</b>: When 10 Villains escape.


"
Deadlands Hordes Charge the Wall	"<font size='4'>Deadlands Hordes Charge the Wall</font>
<b>Setup</b>: 8 Twists. Add an extra Villain Group.
<b>Twist</b>: Each Villain simultaneously charges two spaces. Play another card from the Villain Deck.
<b>Evil Wins</b>: When the number of escaped Villains equals the number of players plus 6."
Enthrone the Barons of Battleworld	"<font size='4'>Enthrone the Barons of Battleworld</font>
<b>Setup</b>: 8 Twists.
<b>Twists 1-7</b>: The Villain in the city or Escape Pile with the highest printed Attack ascends to become a new Mastermind. It gets +2 Attack. It gains the ability ""<i>'Master Strike</i>': Each Player discards a card with cost equal to this Mastermind's printed VP."" ''(Keep them separate from any Villains who ascend through Escape effects.)''
<b>Twist 8</b>: The Villain in each player's Victory Pile with the highest printed Attack ascends the same way.
<b>Evil Wins</b>: When there are six Masterminds."
The Fountain of Eternal Life	"<font size='4'>The Fountain of Eternal Life</font>
<b>Setup</b>: 8 Twists. (1 player: 4 Twists.)
<b>Special Rules</b>: All Villains and Mastermind Tactics have ""<i>'Fight</i>': '''Fateful Resurrection'''.""
<b>Twist</b>: A Villain from your Victory Pile enters the Sewers. Put this Twist on the bottom of the Villain Deck.
<b>Evil Wins</b>: When the number of escaped Villains is 3 times the number of players."
The God-Emperor of Battleworld	"<font size='4'>The God-Emperor of Battleworld</font>
<b>Setup</b>: 8 Twists.
<b>Twist 1</b>: This Scheme ascends to becomes (sic) a new 9-Attack ""God-Emperor"" Mastermind worth 9 VP. It has ""<i>'Master Strike</i>': Each player with exactly six cards in hand reveals a https://cf.geekdo-static.com/mbs/mb_26287_0.png Hero or puts two cards from their hand on top of their deck.""
<b>Twist 2-6</b>: Stack this Twist next to the Scheme. The God-Emperor gets another +2 Attack.
<b>Twist 7</b>: If the God-Emperor lives, it KOs all other Masterminds.
<b>Twist 8</b>: Evil wins! <i>(If any Mastermind still lives.)</i>"
The Mark of Khonshu	"<font size='4'>The Mark of Khonshu</font>
<b>Setup</b>: 10 Twists. Always include Khonshu Guardians. Add all fourteen cards for an extra Hero to the Villain Deck.
<b>Special Rules</b>: Heroes in the Villain Deck are ""Khonshu Guardian"" Villains with Attack equal to their printed cost. While in the Sewers, Rooftops, or Bridge, they are in ""wolf form"" and have double their Attack. When you defeat one, gain it as a Hero.
<b>Twist</b>: Play two cards from the Villain Deck.
<b>Evil Wins</b>: When 7 Khonshu Guardians escape."
Master the Mysteries of Kung-Fu	"<font size='4'>Master the Mysteries of Kung-Fu</font>
<b>Setup</b>: 8 Twists.
<b>Twist</b>: Stack this Twist next to the Scheme.
<b>Special Rules</b>: Villains and the Mastermind have the Circle of Kung-Fu matching the number of Twists stacked here.
<b>Evil Wins</b>: When the number of escaped Villains is double the number of players."
Secret Wars	"<font size='4'>Secret Wars</font>
<b>Setup</b>: 8 Twists.
<b>Twists 1-3</b>: Add another random Mastermind to the game with one Tactic.
<b>Twist 8</b>: Evil wins!"
Sinister Ambitions	"<font size='4'>Sinister Ambitions</font>
<b>Setup</b>: 6 Twists. Add 10 random Ambition cards to the Villain Deck.
<b>Special Rules</b>: Ambition cards are Villains with their printed Attack. Add +1 Attack for each Twist stacked next to the Scheme. They are worth 4 VP. Whenever an Ambition Villain escapes, do its Ambition effect.
<b>Twist 1-5</b>: Stack this Twist next to the Scheme. Play another card from the Villain Deck.
<b>Twist 6</b>: Each Ambition Villain in the city escapes.
<b>Evil Wins</b>: When 4 Ambition Villains escape.


"
Brainwash the Military	"<font size='4'>Brainwash the Military</font>
<b>Setup</b>: 7 Twists. Add 12 S.H.I.E.L.D. Officers to the Villain Deck.
<b>Special Rules</b>: S.H.I.E.L.D. Officers in the Villain Deck are Villains. Their Attack is 3 plus the number of Twists stacked next to this Scheme. When you defeat a S.H.I.E.L.D. Officer, gain it as a Hero.
<b>Twist 1-6</b>: Stack this Twists next to the Scheme as a ""Traitor Battalion."" Play another card from the Villain Deck.
<b>Twist 7</b>: All S.H.I.E.L.D. Officers in the city escape.
<b>Evil Wins</b>: When 5 S.H.I.E.L.D. Officers escape."
Change the Outcome of WWII	"<font size='4'>Change the Outcome of WWII</font>
<b>Setup</b>: 7 Twists. Add an extra Villain Group.
<b>Twist</b>: The Axis invades a new country. Put all Villains and Bystanders from the city on the bottom of the Villain Deck. The number of city spaces changes. Play 2 cards from the Villain Deck. If any Villains escape this country, stack a Twist next to the scheme as a ""conquered capital.""
<b>Twist 1</b>: Poland: 4 spaces.
<b>Twist 2</b>: France: 3 spaces.
<b>Twist 3</b>: USSR: 6 spaces.
<b>Twist 4</b>: England: 3 spaces.
<b>Twist 5</b>: USA: 5 spaces.
<b>Twist 6</b>: Australia: 2 spaces.
<b>Twist 7</b>: Switzerland: 1 space.
<b>Evil Wins</b>: When 3 capitals are conquered."
Go Back in Time to Slay Heroes' Ancestors	"<font size='4'>Go Back in Time to Slay Heroes' Ancestors</font>
<b>Setup</b>: 9 Twists. 8 Heroes in Hero deck.
<b>Twist</b>: Put a Hero form the HQ next to the Scheme, ""Purged from the Timestream.""
<b>Special Rules</b>: Whenever a Hero is in the HQ whose Hero Name has been Purged from the Timestream, KO that Hero.
<b>Evil Wins</b>: When the Hero Deck runs out."
The Unbreakable Enigma Code	"<font size='4'>The Unbreakable Enigma Code</font>
<b>Setup</b>: 6 Twists.
<b>Twists 1-5</b>: Put a card from the Hero Deck face down next to the scheme as part of the ""Enigma Code."" Mix up those cards face-down.
<b>Twist 6</b>: Evil Wins!
<b>Special Rules</b>: Whenever you fight a Villain, you may pay 1 Recruit to look at one of the face-down Enigma Cards. When you fight the Mastermind, first guess the color of each Enigma card, and then reveal them. If you guessed them right, fight the Mastermind as normal. If not, your turn ends, and mix up the Enigma cards face-down.


"
Avengers vs. X-Men	"<font size='4'>Avengers vs. X-Men</font>
<b>Setup</b>: 9 Twists. Hero Deck has 3 Heroes of one Team and 3 Heroes of another Team. (Avengers, X-Men, Spider-Friends, Marvel Knights, etc.)
<b>Twist</b>: 1-7 Each player reveals their hand. Each player that has cards of both those teams gains a Wound.
<b>Twist 8</b>: Evil wins!"
Dark Reign of H.A.M.M.E.R. Officers	"<font size='4'>Dark Reign of H.A.M.M.E.R. Officers</font>
<b>Setup</b>: 7 Twists.
<b>Twist</b>: Stack this Twist next to the Scheme. Then, for each Twist in that stack, put a S.H.I.E.L.D. Officer next to the Mastermind as a 3 Attack Villain with S.H.I.E.L.D. Clearance. You can fight them to gain them as Heroes.
<b>Evil Wins</b>: When there are 7 Officers next to the Mastermind."
Epic Super Hero Civil War	"<font size='4'>Epic Super Hero Civil War</font>
<b>Setup</b>: 1 player: 4 Heroes in Hero Deck. 1-3 players: 9 Twists. 4-5 players: 6 Twists.
<b>Twist</b>: Stack this Twist next to the Scheme. Then, for each Twist in that stack, KO a Hero from the HQ and immediately refill that HQ space.
<b>Evil Wins</b>: When the Hero Deck runs out."
Imprison Unregistered Superhumans	"<font size='4'>Imprison Unregistered Superhumans</font>
<b>Setup</b>: 11 Twists.
<b>Twist 1, 3, 5, 7, 9</b>: This Scheme fortifies the city space to its right starting with the Bridge. Villains in that space get +1 Attack.
Other Twists: If there's a Villain in that fortified city space, KO a bystander.
<b>Evil Wins</b>: When 3 Bystanders are in the KO pile and/or Escape Pile."
Nitro the Supervillain Threatens Crowds	"<font size='4'>Nitro the Supervillain Threatens Crowds</font>
<b>Setup</b>: 8 Twists.
<b>Twist</b>: KO all Bystanders held by Villains. Then, the Villain with the highest Attack captures 3 Bystanders.
<b>Evil Wins</b>: When 15 Bystanders are in the KO pile and/or Escape Pile."
Predict Future Crime	"<font size='4'>Predict Future Crime</font>
<b>Setup</b>: 6 Twists. Add an extra Villain Group.
<b>Twist</b>: Reveal the top 3 cards of the Villain Deck. Play each Villain you revealed. Put the rest back in any order.
<b>Evil Wins</b>: When there are 2 Villains per player in the Escape Pile."
Reveal Heroes' Secret Identities	"<font size='4'>Reveal Heroes' Secret Identities</font>
<b>Setup</b>: 6 Twists. 7 Heroes in Hero Deck.
<b>Twist</b>: Put a Hero from the HQ next to the Scheme as an ""Unmasked"" Hero. All cards with ""Unmasked"" Hero Names cost +1 Recruit to recruit. You can't Unmask a Hero Name that has already been Unmasked.
<b>Evil Wins</b>: When 5 Heroes are Unmasked."
United States Split by Civil War	"<font size='4'>United States Split by Civil War</font>
<b>Setup</b>: 10 Twists.
<b>Twist</b>: If there is a Villain on the Streets or Bridge, put this Twist in a stack of ""Western States Victories."" Otherwise, if there is a Villain in the Sewers, put this Twist in a stack of ""Eastern States Victories.""
<b>Evil Wins</b>: When there are 3 Western Victories or 3 Eastern Victories.


"
Deadpool Kills the Marvel Universe	"<font size='4'>Deadpool Kills the Marvel Universe</font>
<b>Setup</b>: Use Deadpool as one of the Heroes. 2 players: Use 4 Heroes total. 1-3 players: 6 Twists. 4-5 Players: 5 Twists.
<b>Twist</b>: Reveal cards from the Hero Deck until you reveal a Deadpool card. KO all the cards you revealed.
<b>Evil Wins</b>: When the Hero Deck runs out."
Deadpool Wants a Chimichanga	"<font size='4'>Deadpool Wants a Chimichanga</font>
<b>Setup</b>: 6 Twists. 12 total Bystanders in the Villain Deck. All Bystanders represent ""Chimichangas."" <i>(They're Bystanders too.)</i> 3-5 players: Add a Villain Group.
<b>Nobody Eats Just One Chimichanga!</b> Whenever you play a Chimichanga from the Villain Deck, play another card from the Villain Deck.
<b>Twist</b>: Put each Chimichanga from the city into the Escape Pile. Then, each player shuffles a Chimichanga from their Victory Pile back into the Villain Deck. Any player who cannot do so gains a Wound.
<b>Evil Wins</b>: When 6 Chimichangas are in the Escape Pile."
Deadpool Writes a Scheme	"<font size='4'>Deadpool Writes a Scheme</font>
<b>Setup</b>: Hey, writing these doesn't seem so tough. Use the best Hero in the game: Deadpool! Add 6 Twists of Lemon, shake vigorously, and I'll make it up as I go.
<b>Twist 1</b>: Everybody draw 1 card. Wait, are these supposed to be bad?
<b>Twist 2</b>: Anyone without a Deadpool in hand is doing it wrong -- discard 2 cards.
<b>Twist 3</b>: Play 3 cards from the Villain Deck. That sounds pretty bad, right?
<b>Twist 4</b>: Each Villain captures 4 Bystanders. Hey, I'm not a balance expert.
<b>Twist 5</b>: Each player gains 5 Wounds. Is that a good number?
<b>Twist 6</b>: Deadpool wins 6 times! Wow, I'm way better at this game than you."
Everybody Hates Deadpool	"<font size='4'>Everybody Hates Deadpool</font>
<b>Setup</b>: 6 Twists. Use at least 1 Mercs for Money Hero.
<b>Special Rules</b>: All Villains have Revenge for their own Villain Groups. (If they already have Revenge, double it.)
<b>Twist</b>: Everyone reveals their hand. Whoever reveals the fewest Mercs for Money cards (or tied for fewest) gains a Wound.
<b>Evil Wins</b>: When 3 Villains per player have escaped.


"
Find the Split Personality Killer	"<font size='4'>Find the Split Personality Killer</font>
<b>Setup</b>: 8 Twists.
<b>Twist 1-5</b>: Shuffle 3 Bystanders from the Bystander Stack and the top card of the Hero Deck face down next to this Scheme as a deck of ""Murder Suspects.""
<b>Special Rules</b>: Whenever you defeat a Villain, you may pay 1 Attack extra to <i>'Investigate</i>' the Murder Suspects for a Bystander and rescue it.
<b>Twist 6</b>: Each player writes down their guess for which Hero Name is the Split Personality Killer. Reveal the entire Murder Suspects Deck. The Hero Name with the most cards in the Murder Suspect Deck (or tied for most) is the Split Personality Killer. Each player who guessed right wins. All other players lose."
Silence the Witnesses	"<font size='4'>Silence the Witnesses</font>
<b>Setup</b>: 6 Twists.
<b>Twist</b>: This Scheme captures 3 <i>'Hidden Witnesses</i>'. If it already had any '''Hidden Witnesses''', put those into the Escape Pile.
<b>Evil Wins</b>: When 6 Bystanders are in the Escape Pile."
Five Families of Crime	"<font size='4'>Five Families of Crime</font>
<b>Setup</b>: 8 Twists. Add two extra Villain Groups. Split the Villain Deck into 5 shuffled decks, one above each city space.
<b>Special Rules</b>: Each Villain Deck uses its own city of one city space. Each turn, you choose which Villain Deck plays a card.
<b>Twist</b>: Play two cards from a Villain Deck.
<b>Evil Wins</b>: When 8 Villains escape or all Villain Decks run out."
Hidden Heart of Darkness	"<font size='4'>Hidden Heart of Darkness</font>
<b>Setup</b>: 8 Twists. Shuffle the Mastermind Tactics into the Villain Deck as Villains.
<b>Special Rules</b>: If there are no Tactics in the city, you can win the game by fighting the Mastermind card.
<b>Twist</b>: Each player shuffles a Tactic from their victory pile into the Villain Deck. Any player who did so draws two cards. Then, <i>'Investigate</i>' the Villain Deck for a Tactic and that Tactic enters the city. Reveal all the cards you '''Investigated'''.
<b>Evil Wins</b>: When 2 Tactics escape.


"
Alien Brood Encounters	"<font size='4'>Alien Brood Encounters</font>
<b>Setup</b>: 8 Twists. Add 10 Brood as extra Henchmen. No Bystanders in Villain Deck.
<b>Special Rules</b>: Cards are played from the Villain Deck face-down. You may spend 1 Attack to ""scan"" a face-down card in the city, turning it face-up and doing any Ambush effect, Twist, Trap, or Master Strike. If a face-down card would escape, scan it, and then it escapes if it's a Villain.
<b>Twist</b>: The player on your right gains this Twist as a ""Brood Infection."" When drawn, they KO it and gain 2 Wounds.
<b>Evil Wins</b>: When 3 Villains per player have escaped."
Anti-Mutant Hatred	"<font size='4'>Anti-Mutant Hatred</font>
<b>Setup</b>: 11 Twists. 30 Wounds.
<b>Twist</b>: Put this Twist into your discard pile as an ""Angry Mob.""
<b>Special Rules</b>: At the start of your turn, for each Angry Mob in your hand, the player on your right gains a Wound and gains that Angry Mob.
<b>Evil Wins</b>: When the Wound Stack or Villain Deck runs out."
The Dark Phoenix Saga	"<font size='4'>The Dark Phoenix Saga</font>
<b>Setup</b>: 10 Twists. Include Hellfire Club as one of the Villain Groups. Add 14 Jean Grey Hero cards to the Villain Deck.
<b>Special Rules</b>: Jean Grey cards in the Villain Deck are Villains with attack equal to their cost, ""Ambush: Play another Villain card"" and ""Fight: Gain this as a Hero.""
<b>Twist</b>: Shuffle all Jean Grey cards from the KO pile and from all players' hands and discard piles into the Villain Deck.
<b>Evil Wins</b>: When 5 Jean Grey cards have escaped."
Horror of Horrors	"<font size='4'>Horror of Horrors</font>
<b>Setup</b>: 6 Twists
<b>Twist 1-5</b>: Play a random Horror.
<b>Twist 6</b>: Evil wins!"
Mutant-Hunting Super Sentinels	"<font size='4'>Mutant-Hunting Super Sentinels</font>
<b>Setup</b>: 9 Twists. Include 10 Sentinels as extra Henchmen (or substitute another Henchman group.)
<b>Twist</b>: Stack this Twist next to the Scheme as a ""Sentinel Upgrade."" Shuffle all Sentinels from players' Victory Piles into the Villain Deck. Play another card from the Villain Deck.
<b>Special Rules</b>: All Sentinels get +1 Attack for each Sentinel Upgrade next to the Scheme.
<b>Evil Wins</b>: When 3 Sentinels have Escaped."
Nuclear Armageddon	"<font size='4'>Nuclear Armageddon</font>
<b>Setup</b>: 5 Twists
<b>Twist</b>: Destroy the city space closest to the Mastermind. Any Villain There escapes. Put this Twist there.
<b>Evil Wins</b>: When the city is destroyed."
Televised Deathtraps of Mojoworld	"<font size='4'>Televised Deathtraps of Mojoworld</font>
<b>Setup</b>: 11 Twists. 6 Wounds per player in Wound Stack.
<b>Twist</b>: Stack this Twist next to the Scheme as a ""Deathtrap.' This turn, you may pay 1 Attack for each Deathtrap stacked there. If you don't, each player gains a Wound.
<b>Evil Wins</b>: When the Wound Stack or Villain Deck runs out."
X-Men Danger Room Goes Berserk	"<font size='4'>X-Men Danger Room Goes Berserk</font>
<b>Setup</b>: 8 Twists.
<b>Twist</b>: Trap! By End of Turn: You may pay 2 Recruit. If you do, shuffle this Twist back into the Villain Deck, then play a card from the Villain Deck. Or Suffer: Stack this Twist next to the scheme as an ""Airborne Neurotoxin.""
<b>Evil Wins</b>: When there are 5 Airborne Neurotoxins.


"
Distract the Hero	"<font size='4'>Distract the Hero</font>
<b>Setup</b>: 8 Twists. Use at least one Spider Friends Hero.
<b>Twist</b>: If you get any Victory Points this turn, put this Twist on the bottom of the Villain Deck. Otherwise, stack this Twist next to the Scheme as a Villainous Interruption.
<b>Evil Wins</b>: When there have been 5 Villainous Interruptions."
Explosion at the Washington Monument	"<font size='4'>Explosion at the Washington Monument</font>
<b>Setup</b>: 8 Twists. Shuffle 18 Bystanders and 14 Wounds, then deal them evenly into eight decks. Put these decks in a row, as Floors of the Washington Monument.
<b>Special Rules</b>: Whenever you fight a Villain, you may reveal any face-down card from any Floor. If it's a Bystander, rescue it. If it's a Wound, put it back face-up.
<b>Twist</b>: KO the topmost Floor of the Washington Monument. You gain one of the Wounds KO'd this way.
<b>Evil Wins</b>: When 10 Bystanders are in the KO pile and/or Escape Pile, or all Floors are KO'd."
Ferry Disaster	"<font size='4'>Ferry Disaster</font>
<b>Setup</b>: 9 Twists. Put the Bystander Stack above the Sewers as the ""Ferry.""
<b>Twist 1-4</b>: If there's a Villain in the city space below the Ferry, KO 2 Bystanders from the Ferry. Whether you KO'd or not, the Ferry moves one space left.
<b>Twist 5-8</b>: Same effect, but it moves right.
<b>Twist 9</b>: KO half the Bystanders from the Bystander deck, rounding up.
<b>Evil Wins</b>: When 7 Bystanders are in the KO pile and/or Escape Pile."
Scavenge Alien Weaponry	"<font size='4'>Scavenge Alien Weaponry</font>
<b>Setup</b>: 7 Twists. Add an extra Henchmen Group of 10 cards as Smugglers.
<b>Special Rules</b>: Smugglers have Striker.
<b>Twist</b>: Play two cards from the Villain Deck.
<b>Evil Wins</b>: When 3 Villains per player have escaped or the Villain Deck runs out.


"
Clash of the Monsters Unleashed	"<font size='4'>Clash of the Monsters Unleashed</font>
<b>Setup</b>: 10 Twists. 6 Wounds per player in the Wound Stack. Shuffle 8 Monsters Unleashed Villains into a face-down ""Monster Pit"" deck.
<b>Twist 3-10</b>: Each player chooses a Villain from their Victory Pile as their ""Gladiator."" Then the top card of the Monster Pit enteres the city. Each player whose Gladiator has a lower printed Attack than that Monster gains a Wound.
<b>Evil Wins</b>: When the Wound Stack or Monster Pit Deck runs out."
Divide and Conquer	"<font size='4'>Divide and Conquer</font>
<b>Setup</b>: 8 Twists. 7 Heroes. Sort the Hero Deck by Hero Class. https://cf.geekdo-static.com/mbs/mb_26286_0.png https://cf.geekdo-static.com/mbs/mb_26284_0.png https://cf.geekdo-static.com/mbs/mb_26283_0.png https://cf.geekdo-static.com/mbs/mb_26287_0.png https://cf.geekdo-static.com/mbs/mb_26285_0.png (If a card has multiple Classes, break ties at random.) Put these 5 smaller, shuffled Hero Decks beneath the 5 HQ Spaces.
<b>Special Rules</b>: Whenever an HQ Space is empty, fill it with the top card of the Hero Deck below that space.
<b>Twist 1-3</b>: KO all Heroes in the HQ.
<b>Twist 4-8</b>: KO one of the Hero Decks.
<b>Evil Wins</b>: When all Hero Decks are gone."
Hypnotize Every Human	"<font size='4'>Hypnotize Every Human</font>
<b>Setup</b>: 8 Twists. Add another Henchman Villain Group. No Bystanders in the Villain Deck.
<b>Twist 1-6</b>: Put a Bystander from the Bystander Stack above each city space as a facedown 2 Attack ""Hypno-Thrall"" Villain. They don't move. When you fight one, rescue it as a Bystander. You can't fight a Villain in a city space that has any Hypno-Thralls above it.
<b>Twist 7-8</b>: Each player puts a Villain from their Victory Pile into the Escape pile.
<b>Evil Wins</b>: When 8 Villains are in the Escape pile."
Steal All Oxygen on Earth	"<font size='4'>Steal All Oxygen on Earth</font>
<b>Setup</b>: 8 Twists. The ""Oxygen Level"" starts at 8.
<b>Twist</b>: Stack this Twist next to the Scheme. The Oxygen Level decreases by 1. Then KO each Hero from the HQ whose cost is greater than the Oxygen Level.
<b>Evil Wins</b>: When 20 non-grey Heroes are KO'd.


"
Break the Planet Asunder	"<font size='4'>Break the Planet Asunder</font>
<b>Setup</b>: 9 Twists. 7 Heroes.
<b>Twist</b>: Stack this Twist next to the Scheme as a ""Tectonic Break."" Then KO each Hero from the HQ whose printed Attack is less than the number of Tectonic Breaks (no printed Attack counts as 0).
<b>Evil Wins</b>: When 25 non-grey Heroes are KO'd."
Cytoplasm Spike Invasion	"<font size='4'>Cytoplasm Spike Invasion</font>
<b>Setup</b>: 10 Twists. Shuffle together 20 Bystanders and 10 Cytoplasm Spike Henchmen as an ""Infected Deck.""
<b>Twist</b>: Reveal the top three cards of the Infected Deck. KO all Bystanders you revealed. All Spikes you revealed enter the city.
<b>Evil Wins</b>: When the KO pile and Escape Pile combine to have 18 Bystanders and/or Spikes."
Fall of the Hulks	"<font size='4'>Fall of the Hulks</font>
<b>Setup</b>: 10 Twists. 6 Wounds per player in Wound Stack. Use exactly two Heroes with ""Hulk"" in their Hero Names.
<b>Twist 3-6</b>: <i>'Cross-Dimension Hulk Rampage</i>'.
<b>Twist 7-10</b>: Each player gains a Wound.
<b>Evil Wins</b>: When the Wound Stack runs out."
Gladiator Pits of Sakaar	"<font size='4'>Gladiator Pits of Sakaar</font>
<b>Setup</b>: 6 Twists.
<b>Twist</b>: Until the start of your next turn, each player can only play cards from a single Team of their choice during their turn. (e.g. S.H.I.E.L.D., Avengers, X-Men, Warbound, etc.)
<b>Evil Wins</b>: When 2 Villains per player have escaped or the Villain Deck runs out."
Mutating Gamma Rays	"<font size='4'>Mutating Gamma Rays</font>
<b>Setup</b>: 7 Twists. Take 14 cards from an extra Hero with ""Hulk"" in its Hero Name. Put them in a face-up ""Mutation Pile.""
<b>Twist 1-6</b>: Each player in turn does the following: Put a non-grey Hero from your hand into the Mutation Pile. Then you may put a different card name with the same cost from the Mutation Pile into your discard pile.
<b>Twist 7</b>: Evil Wins!"
Shoot Hulk into Space	"<font size='4'>Shoot Hulk into Space</font>
<b>Setup</b>: 8 Twists. Take 14 cards from an extra Hero with ""Hulk"" in its Hero Name. Shuffle them into a ""Hulk Deck.""
<b>Twist</b>: Put 2 cards from the Hulk Deck into a face-up ""Prison Ship"" stack next to the S.H.I.E.L.D. Officer Stack.
<b>Special Rules</b>: You may recruit the top card of the Prison Ship stack.
<b>Evil Wins</b>: When there are 10 cards in the Prison Ship or the Hulk Deck runs out."
Subjugate with Obedience Disks	"<font size='4'>Subjugate with Obedience Disks</font>
<b>Setup</b>: 11 Twists.
<b>Twist</b>: Put this Twist under an HQ space as an ""Obedience Disk."" No space can have two more Obedience Disks than any other space.
<b>Special Rules</b>: To recruit a Hero in the HQ, you must also pay 1 Recruit for each Obedience Disk under it.
<b>Evil Wins</b>: When each HQ space has 2 Obedience Disks."
World War Hulk	"<font size='4'>World War Hulk</font>
<b>Setup</b>: 9 Twists. Put three additional Masterminds out of play, ""Lurking."" Each of the four Masterminds has two random Tactics.
<b>Special Rules</b>: When you defeat all of a Mastermind's Tactics, KO its face card and a random Lurking Mastermind enters play.
<b>Twist 1-8</b>: Swap the current Mastermind with a random Lurking Mastermind.
<b>Twist 9</b>: Evil Wins!


"
Age of Ultron	"<font size='4'>Age of Ultron</font>
<b>Setup</b>: 11 Twists. 4-5 Players: Add another Hero.
<b>Twist</b>: Put the top card of the Hero Deck next to the Scheme in an ""Evolution"" Pile. Then this Twist enters the city as an ""Evolved Ultron"" Villain.
<b>Special Rules</b>: Evolved Ultrons have 4 Attack and are <i>'Empowered</i>' by each color in the Evolution pile. They're worth 6VP.
<b>Evil Wins</b>: When 7 Evolved Ultrons are in the city and/or Escape Pile."
Pull Earth into Medieval Times	"<font size='4'>Pull Earth into Medieval Times</font>
<b>Setup</b>: 9 Twists.
<b>Twist 1-6</b>: Until the start of your next turn, all Villains and Mastermind everywhere have <i>'Chivalrous Duel</i>'.
<b>Twist 7-9</b>: Each player puts a Villains from the Victory Pile into the Escape Pile.
<b>Evil Wins</b>: When 3 Villains per player have escaped."
Transform Commuters into Giant Ants	"<font size='4'>Transform Commuters into Giant Ants</font>
<b>Setup</b>: Twists equal to the number of players plus 6.
<b>Twist</b>: STack this Twist next to the Scheme. Then for each Twist in that stack, put a Bystander face down next to the Mastermind as a 2A ""Giant Ant"" Villain. When you fight one, rescue it as a Bystander.
<b>Evil Wins</b>: When ther are 10 Giant Ants next to the Mastermind."
Trap Heroes in the Microverse	"<font size='4'>Trap Heroes in the Microverse</font>
<b>Setup</b>: 11 Twists. Add all 14 cards for and extra Hero the Villain Deck.
<b>Special Rules</b>: Heroes in the Villain Deck are ""Micro-Sized Villains with Attack equal to their printed cost. They have <i>'Size-Changing</i>' for their card color and no outher abilites while in the city. When you fight one, choose any player to gain it as a Hero.
<b>Twist</b>: Play two cards from the Villain Deck.
<b>Evil Wins</b>: When 3 Villains per player have escaped or the Villain Deck runs out.


"
Invasion of the Venom Symbiotes	"<font size='4'>Invasion of the Venom Symbiotes</font>
<b>Setup</b>: 8 Twists. Add an extra Henchman Group.
<b>Twist</b>: This Twist enters the city as a 3 Attack ""Symbiote"" Villain worth 3VP with ""<i>'Ambush</i>': This '''Symbiote Bonds''' with another Villain in the city. Play another card from the Villain Deck.""
<b>Evil Wins</b>: When the Escape Pile has 3 cards per player, or the Villain Deck runs out."
Maximum Carnage	"<font size='4'>Maximum Carnage</font>
<b>Setup</b>: 10 Twists. Wound Stack has 6 Wounds per player.
<b>Twist</b>: Stack this Twist next to the Scheme. If the Streets are empty, put a Bystander there as a ""Possessed Psychotic"" Villain. If the Streets weren't empty, each player gains a Wound.
<b>Special Rules</b>: ""Possessed Psychotics"" have Attack equal to the number of Twists next to the Scheme. When you fight one, rescue it as a Bystander.
<b>Evil Wins</b>: When there are 6 Bystanders in the Escape Pile or the Wound Stack runs out."
Paralyzing Venom	"<font size='4'>Paralyzing Venom</font>
<b>Setup</b>: 6 Twists. All Bystanders are also ""Biochemists.""
<b>Twist</b>: Each player Kos a Biochemist from their Victory Pile or discards down to 4 cards in hand.
<b>Twist 6</b>: Evil Wins!"
Symbiotic Absorption	"<font size='4'>Symbiotic Absorption</font>
<b>Setup</b>: 11 Twists. Set aside a second ""Drained"" Mastermind and its 4 Tactics, out of play. Add its ""Always Leads"" Villains as an extra Villain Group.
<b>Twist 1-4</b>: Shuffle one of the Drained Mastermind's Tactics into the main Mastermind's Tactics.
<b>Twist 6, 8, 10</b>: The Mastermind uses this Twist to copy the Master Strike ability of the Drained Mastermind.
<b>Twist 11</b>: Evil Wins!
<b>Special Rules</b>: If Tactics or Master Strikes mention the Drained Mastermind, use the main Mastermind instead.

"
Earthquake Drains the Ocean	"<font size='4'>Earthquake Drains the Ocean</font>
<b>Setup</b>: 11 Twists. Add an extra Villain Group.
<b>Special Rules</b>: There are two extra ""Low Tide"" city spaces on the left side of the city, so the city has 7 spaces total.
<b>Twist</b>: The tide rushes in. This Scheme <i>'Transforms</i>'.
<b>Evil Wins</b>: When 3 Villains per player have escaped or the Villain Deck runs out.

Scheme Transformed
<font size='4'>Tsunami Crushes the Coast</font>
<b>Special Rules</b>: The Low Tide, Bridge, and Streets city spaces no longer exist. The city has 3 spaces total. Put this Scheme on the Streets to mark the edge of the city. Villains in destroyed city spaces escape, starting from the left.
<b>Twist</b>: The tide rushes out. This Scheme <i>'Transforms</i>', then play another card from the Villain Deck.
<b>Evil Wins</b>: When 3 Villains per player have escaped or the Villain Deck runs out."
House of M	"<font size='4'>House of M</font>
<b>Setup</b>: 8 Twists. Hero Deck is 4 X-Men Heroes and 2 non-X-Men Heroes. (Or substitute another team for all X-Men icons on both sides.) Add 14 Scarlet Witch Hero cards to the Villain Deck.
<b>Special Rules</b>: Each Scarlet Witch in the city is a Villain with Attack equal to its cost +3. If you fight one, gain it as a Hero.
<b>Twist</b>: KO all non-X-Men Heroes from the HQ. If there are at least 2 Scarlet Witch cards in the city, this Scheme <i>'Transforms</i>'. Otherwise play another card from the Villain Deck.

Scheme Transformed
<font size='4'>No More Mutants</font>
<b>Special Rules</b>: Each Scarlet Witch in the city is a Villain with Attack equal to its cost +4. If you fight one, gain it as a Hero.
<b>Twist</b>: KO all X-Men Heroes from the HQ. Play another card from the Villain Deck.
<b>Evil Wins</b>: When the number of non-grey Heroes in the KO pile is ten plus double the number of players."
Secret HYDRA Corruption	"<font size='4'>Secret HYDRA Corruption</font>
<b>Setup</b>: 30 Officers in the S.H.I.E.L.D. Officer stack. 1 player: 7 Twists. 2-3 players: 9 Twists. 4-5 players: 11 Twists.
<b>Special Rules</b>: Officers stacked next to this Scheme are ""Hydra Sympathizers."" You may pay 3 Recruit to have the player of your choice gain one as a Hero.
<b>Twist</b>: For each Twist in the KO pile (including this one), put a card from the S.H.I.E.L.D. Officer stack next to this Scheme. Then this Scheme <i>'Transforms</i>'.

Scheme Transformed
<font size='4'>Open HYDRA Revolution</font>
<b>Special Rules</b>: Officers next to this Scheme are 3 Attack ""Hydra Traitor"" Villains. When you fight one, return it to the Officer Stack and KO one of your Heroes.
<b>Twist</b>: For each Twist in the KO pile (including this one), put a card from the S.H.I.E.L.D. Officer stack next to this Scheme, Then if Evil hasn't won yet, this Scheme <i>'Transforms</i>'.
<b>Evil Wins</b>: When there are 15 Officers next to this Scheme or the S.H.I.E.L.D. Officer Stack runs out."
The Korvac Saga	"<font size='4'>The Korvac Saga</font>
<b>Setup</b>: 8 Twists.
<b>Twist</b>: Each player must discard down to four cards or KO a Bystander from their Victory Pile to ""search for the Korvac Entity."" This Scheme <i>'Transforms</i>'.

Scheme Transformed
<font size='4'>Korvac Revealed</font>
<b>Special Rules</b>: This Scheme counts as a 19 Attack ""Korvac"" Villain worth 9VP. If you defeat Korvac, KO the Mastermind and all its Tactics.
Twistc2,4,6: Each player discards an Avengers Hero or gains a Wound. This Scheme <b>Transforms</b>.
<b>Twist 8</b>: Evil Wins!

"
S.H.I.E.L.D. vs. HYDRA War	"<font size='4'>S.H.I.E.L.D. vs. HYDRA War</font>
<b>Setup</b>: 7 Twists. Include either the ""Hydra Elite"" or ""A.I.M., Hydra Offshoot"" Villain Group, but not both.
<b>Twist</b>: Each player puts a card from the S.H.I.E.L.D. Officer Stack face up next to the Scheme as a 3 Attack ""Double Agent"" Villain. If any Double Agents were already there, put one into the Escape Pile and put the rest on the bottom of the S.H.I.E.L.D. Officer Stack. You can fight any Double Agent next to the Scheme to gain it or send it <i>'Undercover</i>'.
<b>Evil Wins</b>: When the <i>'Hydra Level</i>' is 11."
Hail Hydra	"<font size='4'>Hail Hydra</font>
<b>Setup</b>: 11 Twists.
<b>Twist 1-9</b>: Choose one:
-Say ""I'd never abandon S.H.I.E.L.D."", and you can't fight this turn.
-Or whisper ""Hail Hydra"", you can't recruit this turn, and a Villain captures a Bystander.
<b>Twist 10</b>: Evil Wins!"
Hydra Helicarriers Hunt Heroes	"<font size='4'>Hydra Helicarriers Hunt Heroes</font>
<b>Setup</b>: 8 Twists. Add an extra Hero.
<b>Twist</b>: Stack this Twist next to the Scheme. Then for each Twist stacked there, choose a different Hero Class (https://cf.geekdo-static.com/mbs/mb_26286_0.png, https://cf.geekdo-static.com/mbs/mb_26284_0.png, https://cf.geekdo-static.com/mbs/mb_26283_0.png, https://cf.geekdo-static.com/mbs/mb_26287_0.png, https://cf.geekdo-static.com/mbs/mb_26285_0.png ), to a maximum of 5. KO each Hero from the HQ that has any of those Hero Classes.
<b>Evil Wins</b>: When there are 18 non-grey Heroes in the KO pile."
Secret Empire of Betrayal	"<font size='4'>Secret Empire of Betrayal</font>
<b>Setup</b>: 11 Twists. Randomly pick 5 cards that cost 5 or less from an additional Hero. Shuffle them to form a ""Dark Loyalty"" deck.
<b>Twist</b>: Shuffle this Twist into the Dark Loyalty deck as a ""Vicious Betrayal."" Then reveal the top card of that deck. If it's a Hero, gain it. If it's a Vicious Betrayal, put it next to the Scheme and each other player gains a Wound.
<b>Evil Wins</b>: When there are 6 Vicious Betrayals next to the Scheme.

"
Asgardian Test of Worth	"<font size='4'>Asgardian Test of Worth</font>
<b>Setup</b>: 11 Twists.
<b>Twist 1-7</b>: Each player who is not <i>'Worthy</i>' discards a card. Then, if at least half the players ''(round up)'' are not '''Worthy''', put this Twist next to the Scheme as a ""Moral Failing.""
<b>Twist 8-11</b>: Put this Twist next to the Scheme as a ""Moral Failing.""
<b>Evil Wins</b>: When there are 5 Moral Failings."
The Dark World of Svartalfheim	"<font size='4'>The Dark World of Svartalfheim</font>
<b>Setup</b>: 10 Twists.
<b>Twist</b>: Put this Twist next to a city space of HQ space that doesn't already have one, as ""Eternal Darkness.""
<b>Special Rules</b>: Villains in city spaces with Eternal Darkness get +1 Attack. To recruit a Hero in an HQ space with Eternal Darkness, you must pay an extra 1 Recruit.
<b>Evil Wins</b>: When all city spaces or all HQ spaces are covered in Eternal Darkness."
Ragnarok, Twilight of the Gods	"<font size='4'>Ragnarok, Twilight of the Gods</font>
<b>Setup</b>: 11 Twists.
<b>Twist</b>: Choose a Villain from your Victory Pile worth at least 2VP to enter the city. Then, if the total Attack of Villains in the city is at least as high as the Guardian Attack listed below, put this Twist next to the Scheme as a ""Guardian Defeated.""
<b>Twist 1</b>: Balder, 11 Attack	<i>'Twist 5</i>': Heimdall, 12 Attack
<b>Twist 2</b>: Odin, 24 Attack		<i>'Twist 6</i>': Frey, 7 Attack
<b>Twist 3</b>: Vidar, 19 Attack		<i>'Twist 7</i>': Frigga, 8 Attack
<b>Twist 4</b>: Tyr, 16 Attack		<i>'Twist 8-11</i>': Warriors of Valhalla, 6 Attack
<b>Evil Wins</b>: When there are 5 Guardians Defeated."
War of the Frost Giants	"<font size='4'>War of the Frost Giants</font>
<b>Setup</b>: 9 Twists.
<b>Twist 1-7</b>: This Twist enters the city as a ""Frost Giant Invader"" Villain worth 6VP with 6 Attack and the ability ""If you are not <i>'Worthy</i>', this gets +4 Attack.""
<b>Twist 8-9</b>: Same effect, then a Frost Giant Invader from each player's Victory Pile enters the city.
<b>Evil Wins</b>: When there are 5 Frost Giant Invaders in the city and/or Escape Pile.
"
The Demon Bear Saga	"<font size='4'>The Demon Bear Saga</font>
<b>Setup</b>: 8 Twists. Include Demons of Limbo as one of the Villain Groups. Put the Demon Bear Villain from that groups next to the Scheme.
<b>Twist</b>: If the Demon Bear is in the city, it escapes. Otherwise, the Demon Bear enters the city from wherever it is. If it was in a player's Victory Pile, that player rescues 4 Bystanders.
<b>Special Rules</b>: Whenever the Demon Bear escapes, stack a Twist next to the Scheme as a ""Dream Horror.""
<b>Evil Wins</b>: When there are 3 Dream Horrors."
Crash the Moon into the Sun	"<font size='4'>Crash the Moon into the Sun</font>
<b>Setup</b>: 11 Twists.
<b>Twist 1,3,5,7</b>: <i>'Moonlight</i>': Stack this Twist next to the Scheme as an ""Altered Orbit.""
<b>Twist 2,4,6,8</b>: <i>'Sunlight</i>': Same effect.
<b>Twist 9,10,11</b>: Same effect.
<b>Evil Wins</b>: When there are 4 Altered Orbits."
Trapped in the Insane Asylum	"<font size='4'>Trapped in the Insane Asylum</font>
<b>Setup</b>: 1 Twist, plus 2 Twists per player.
<b>Twist</b>: You face a ""Sanity Test"": Either keep this Twist in front of you as a ""Psychotic Break"", or discard a card and pass this Twist to the PLayer on your left and that player faces a Sanity Test.
<b>Special Rules</b>: On each of your turns, before you play other cards from your hand, you must play two randomly-selected cards from your hand for each Psychotic Break you have.
<b>Evil Wins</b>: When a player has 3 Psychotic Breaks."
Superhuman Baseball Game	"<font size='4'>Superhuman Baseball Game</font>
<b>Setup</b>: 9 Twists. Add an extra Villain Group.
<b>Special Rules</b>: The Bank nd the Streets do not exist. Put the Villain Deck under the HQ as ""Home Plate."" The Sewers, Rooftops, and Bridge are First, Second, and Third Base.
<b>Twist</b>: Play the top card of the Villain Deck. If it's a Bystander, rescue that ""Cheering Fan."" If it's a Master Strike, then after it resolves, any Villain on Third Base ""Steals Home"" and Escapes. If it's a Villain, it ""Hits a Double,"" pushes to Second Base <i>(the Rooftops)</i> and you play the top card from the Villain Deck.
<b>Evil Wins</b>: When Evil has 4 ""runs"" <i>(Villains in the Escape Pile)</i> per player."
